DMS_id,DMS_filename,UniProt_ID,taxon,source_organism,target_seq,seq_len,MSA_filename,raw_DMS_filename,raw_DMS_phenotype_name,raw_DMS_mutant_column,weight_file_name,pdb_file,pdb_range,MSA_start,MSA_end,ESCOTT_mut_file,GEMME_mut_file
DLG4_HUMAN_Zarin_2024,DLG4_HUMAN_Zarin_2024.csv,DLG4_HUMAN,Mammal,Homo sapiens,GEEDIPREPRRIVIHRGSTGLGFNIVGGEDGEGIFISFILAGGPADLSGELRKGDQILSVNGVDLRNASHEQAAIALKNAGQTVTIIAQYKPEEYSRFEA,100,psd95pdz3_b0.4.a2m,,,,psd95pdz3_b0.4_theta_0.2.a2m,fold_psd95pdz3_model_0.pdb,1-100,1,100,pdz_ESCOTT.mut,pdz_GEMME.mut
AMIE_PSEAE_Wrenbeck_2017,AMIE_PSEAE_Wrenbeck_2017.csv,AMIE_PSEAE,Bacteria,Pseudomonas aeruginosa,MRHGDISSSNDTVGVAVVNYKMPRLHTAAEVLDNARKIAEMIVGMKQGLPGMDLVVFPEYSLQGIMYDPAEMMETAVAIPGEETEIFSRACRKANVWGVFSLTGERHEEHPRKAPYNTLVLIDNNGEIVQKYRKIIPWCPIEGWYPGGQTYVSEGPKGMKISLIICDDGNYPEIWRDCAMKGAELIVRCQGYMYPAKDQQVMMAKAMAWANNCYVAVANAAGFDGVYSYFGHSAIIGFDGRTLGECGEEEMGIQYAQLSLSQIRDARANDQSQNHLFKILHRGYSGLQASGDGDRGLAECPFEFYRTWVTDAEKARENVERLTRSTTGVAQCPVGRLPYEGLEKEA,346,amiE_b0.1.a2m,,,,amiE_b0.1_theta_0.2.a2m,AF-P11436-F1-model_v4.pdb,1-346,1,346,amiE_dataset.mut,amiE_dataset.mut
POLG_TEV_Huber_2025,POLG_TEV_Huber_2025.csv,POLG_TEV,Virus,,MGESLFKGPRDYNPISSSICHLTNESDGHTTSLwGIGFGPFIITNKHLFRRNNGTLVVQSLHGVFKVKDTTTLQQHLVDGRDMIIIRMPKDFPPFPQKLKFREPQREERICLVTTNFQTKSMSSMVSDTSCTFPSGDGIFWKHWIQTKDGQCGSPLVSTRDGFIVGIHSASNFTNTNNYFTSVPKNFMELLTNQEAQQWVSGWRLNADSVLWGGHKVFMVKPEEPFQPVKEATQL,235,,,,,,fold_tevp_model_0.cif,1-235,1,255,,
TRPB1_PYRFU_Zhoufan_Li_2025,TRPB1_PYRFU_Zhoufan_Li_2025.csv,TRPB1_PYRFU,Bacteria,Pyrococcus furiosus,MWFGEFGGQYVPETLVGPLKELEKAYKRFKDDEEFNRQLNYYLKTWAGRPTPLYYAKRLTEKIGGAKVYLKREDLVHGGAHKTNNAIGQALLAKLMGKTRLIAETGAGQHGVATAMAGALLGMKVDIYMGAEDVERQKLNVFRMKLLGANVIPVNSGSRTLKDAIDEALRDWVATFEYTHYLIGSVVGPHPYPTIVRDFQSVIGREAKAQIPEAEGQLPDVIVACVGGGSNAMGIFYPFVNDKKVKLVGVEAGGKGLESGKHSASLNAGQVGVSHGMLSYFLQDEEGQIKPSHSIAPGLDYPGVGPEHAYLKKIQRAEYVAVTDEEALKAFHELSRTEGIIPALESAHAVAYAMKLAKEMSRDEIIIVNLSGRGDKDLDIVLKASGNV,388,PfTrpB_b0.1.a2m,,,,PfTrpB_b0.1_theta_0.2.npy,AF-Q8U0J5-F1-model_v4.pdb,1-446,1,446,,
ALPH_ELIME_Markin_2021,ALPH_ELIME_Markin_2021.csv,ALPH_ELIME,Bacteria,Elizabethkingia meningoseptica,MLTPKKWLLGVLVVSGMLGAQKTNAVPRPKLVVGLVVDQMRWDYLYRYYSKYGEGGFKRMLNTGYSLNNVHIDYVPTVTAIGHTSIFTGSVPSIHGIAGNDWYDKELGKSVYCTSDETVQPVGTTSNSVGQHSPRNLWSTTVTDQLGLATNFTSKVVGVSLKDRASILPAGHNPTGAFWFDDTTGKFITSTYYTKELPKWVNDFNNKNVPAQLVANGWNTLLPINQYTESSEDNVEWEGLLGSKKTPTFPYTDLAKDYEAKKGLIRTTPFGNTLTLQMADAAIDGNQMGVDDITDFLTVNLASTDYVGHNFGPNSIEVEDTYLRLDRDLADFFNNLDKKVGKGNYLVFLSADHGAAHSVGFMQAHKMPTGFFVEDMKKEMNAKLKQKFGADNIIAAAMNYQVYFDRKVLADSKLELDDVRDYVMTELKKEPSVLYVLSTDEIWESSIPEPIKSRVINGYNWKRSGDIQIISKDGYLSAYSKKGTTHSVWNSYDSHIPLLFMGWGIKQGESNQPYHMTDIAPTVSSLLKIQFPSGAVGKPITEVIGR,546,alph_elime_b0.6.a2m,,,,alph_elime_b0.6_theta_0.2.npy,AF-Q9KJX5-F1-model_v4.pdb,1-546,1,546,pafa_ESCOTT.mut,pafa_GEMME.mut
PHO4_YEAST_Aditham_2021,PHO4_YEAST_Aditham_2021.csv,PHO4_YEAST,Fungi,Saccharomyces cerevisiae,MGRTTSEGIHGFVDDLEPKSSILDKVGDFITVNTKRHDGREDFNEQNDELNSQENHNSSENGNENENEQDSLALDDLDRAFELVEGMDMDWMMPSHAHHSPATTATIKPRLLYSPLIHTQSAVPVTISPNLVATATSTTSANKVTKNKSNSSPYLNKRRGKPGPDSATSLFELPDSVIPTPKPKPKPKQYPKVILPSNSTRRVSPVTAKTSSSAEGVVVASESPVIAPHGSSHSRSLSKRRSSGALVDDDKRESHKHAEQARRNRLAVALHELASLIPAEWKQQNVSAAPSKATTVEAACRYIRHLQQNVST,312,PHO4_YEAST_filt.a2m,,,,PHO4_YEAST_filt_theta_0.2.npy,AF-P07270-F1-model_v4.pdb,1-312,1,312,pho4_ESCOTT.mut,pho4_GEMME.mut
HTHTR_SALTY_dOelsnitz_2025,HTHTR_SALTY_dOelsnitz_2025.csv,HTHTR_SALTY,Bacteria,,MVARPKSEDKKQALLEAATQAIAQSGIAASTAVIARNAGVAEGTLFRYFATKDELINTLYLHLKQDLCQSMIMELDRSITDAKMMTRFIWNSYISWGLNHPARHRAIRQLAVSEKLTKETEQRADDMFPELRDLCHRSVLMVFMSDEYRAFGDGLFLALAETTMDFAARDPARAGEYIALGFEAMWRALTREEQ,194,RamR_b0.4.a2m,,,,HTHTR_SALTY_b0.4_theta_0.2.npy,fold_ramr_model_0.pdb,1-194,1,194,ramR_ESCOTT.mut,ramR_GEMME.mut
NORA_STAAU_Miller_2025,NORA_STAAU_Miller_2025.csv,NORA_STAAU,Bacteria,Staphylococcus aureus,MNKQIFVLYFNIFLIFLGIGLVIPVLPVYLKDLGLTGSDLGLLVAAFALSQMIISPFGGTLADKLGKKLIICIGLILFSVSEFMFAVGHNFSVLMLSRVIGGMSAGMVMPGVTGLIADVSPSHQKAKNFGYMSAIINSGFILGPGIGGFMAEVSHRMPFYFAGALGILAFIMSVVLIHDPKKSTTSGFQKLEPQLLTKINWKVFITPAILTLVLAFGLSAFETLYSLYTSYKVNYSPKDISIAITGGGIFGALFQIYFFDKFMKYFSELTFIAWSLIYSVIVLVLLVIADGYWTIMVISFVVFIGFDMIRPAITNYFSNIAGDRQGFAGGLNSTFTSMGNFIGPLIAGALFDVHIEAPIYMAIGVSLAGVVIVLIEKQHRAKLKEQNM,388,norA_b0.5.a2m,supp_specificity_data.xlsx,mut,f_score_combined_standardized,norA_b0.5_theta_0.2.npy,AF-P0A0J7-F1-model_v4.pdb,1-388,1,388,norA_ESCOTT.mut,norA_GEMME.mut
MNTH_DEIRA_Berry_2025,MNTH_DEIRA_Berry_2025.csv,MNTH_DEIRA,Bacteria,Deinococcus radiodurans,MDSRSPSLPDDRPDPPEQHLDARAGATLRGTAGPRGVRRILPFLGPAVIASIAYMDPGNFATNIEGGARYGYSLLWVILAANLMAMVIQNLSANLGIASGRNLPELIRERWPRPLVWFYWIQAELVAMATDLAEFLGAALAIQLLTGLPMFWGAVVTGVVTFWLLNLQKRGTRPLELAVGAFVLMIGVAYLVQVVLARPDLAAVGAGFVPRLQGPGSAYLAVGIIGATVMPHVIYLHSALTQGRIQTDTTEEKRRLVRLNRVDVIAAMGLAGLINMSMLAVAAATFHGKNVENAGDLTTAYQTLTPLLGPAASVLFAVALLASGLSSSAVGTMAGDVIMQGFMGFHIPLWLRRLITMLPAFIVILLGMDPSSVLILSQVILCFGVPFALVPLLLFTARRDVMGALVTRRSFTVIGWVIAVIIIALNGYLLWELLGG,436,nramps.a2m,,,,nramps_theta_0.2.npy,AF-Q9RTP8-F1-model_v4.pdb,1-436,1,436,Nramp_ESCOTT.mut,Nramp_GEMME.mut
BLAT_ECOLX_Stiffler_2015,BLAT_ECOLX_Stiffler_2015.csv,BLAT_ECOLX,Bacteria,Escherichia coli,MSIQHFRVALIPFFAAFCLPVFAHPETLVKVKDAEDQLGARVGYIELDLNSGKILESFRPEERFPMMSTFKVLLCGAVLSRVDAGQEQLGRRIHYSQNDLVEYSPVTEKHLTDGMTVRELCSAAITMSDNTAANLLLTTIGGPKELTAFLHNMGDHVTRLDRWEPELNEAIPNDERDTTMPAAMATTLRKLLTGELLTLASRQQLIDWMEADKVAGPLLRSALPAGWFIADKSGAGERGSRGIIAALGPDGKPSRIVVIYTTGSQATMDERNRQIAEIGASLIKHW,286,BLAT_ECOLX_b0.1.a2m,,,,BLAT_ECOLX_b0.1_theta_0.2.npy,AF-P62593-F1-model_v6.pdb,1-287,1,287,blat_ESCOTT.mut,blat_GEMME.mut